,Name,Holmes.Code,Taxon.Name,Rmni,Rmhi,Special.Taxon,Aquatic.Taxon,Plant.Fn.Gp,Algal.Taxon,Authority,Trophic.Rank,Nbncode,Changed.By,Group.Name,Removed,Changed.On,Alt.Taxon.Name,Lmni.Lp1,Lmni.Lp2,Loch.Fg.Lp1,Loch.Fg.Lp2
201,2,380101,Acorus calamus,9.485873725,9.81755025,,N,0,N,,NA,NBNSYS0000002348,TIFO,DEFAULT,FALSE,09 02 2016,,NA,NA,NA,NA
202,6,380302,Alisma lanceolatum,8.471481156,9.12462885,,N,0,N,With.,3,NBNSYS0000002102,TIFO,DEFAULT,FALSE,09 01 2016,,NA,NA,NA,NA
203,7,380303,Alisma plantago-aquatica,7.815086122,8.0159305,,N,0,N,L.,3,NBNSYS0000002101,TIFO,DEFAULT,FALSE,09 02 2016,,NA,NA,NA,NA
204,23,340301,Anthelia julacea,2.698203079,NA,Y,N,0,N,,NA,NHMSYS0000309358,TIFO,DEFAULT,FALSE,09 01 2016,,NA,NA,NA,NA
205,33,360402,Apium inundatum,4.33881484,5.89340665,,Y,8,N,(L.) H.G.Reichb.,9,NBNSYS0000003669,TIFO,DEFAULT,FALSE,09 05 2016,,5.69266296,4.322446607,7,7
206,34,360403,Apium nodiflorum,8.64,8.07656715,,Y,8,N,,NA,NBNSYS0000003666,TIFO,DEFAULT,FALSE,09 01 2016,,NA,NA,NA,NA
208,48,350101,Azolla filiculoides,9.709175183,8.97538795,,Y,1,N,,NA,NBNSYS0000002090,TIFO,DEFAULT,FALSE,09 01 2016,,9.277774134,7.254946053,1,1
209,50,380601,Baldellia ranunculoides,4.338185417,3.6987939,,Y,4,N,,NA,NBNSYS0000002099,TIFO,DEFAULT,FALSE,09 01 2016,,5.57751374,3.974029884,13,13
10,62,20200,Batrachospermum,5.462076803,6.0984622,,Y,19,N,,NA,NHMSYS0000600162,TIFO,DEFAULT,FALSE,09 01 2016,Batrachospermum sp.,3.021653122,1.560851423,NA,NA
210,63,360801,Berula erecta,8.235862358,8.1695112,,Y,8,N,,NA,NMNSYS0000456451,TIFO,DEFAULT,FALSE,09 01 2016,,NA,NA,NA,NA
211,64,360901,Bidens cernua,8.131760966,7.89622435,,N,0,N,L.,NA,NBNSYS0000004354,TIFO,DEFAULT,FALSE,09 01 2016,,NA,NA,NA,NA
212,67,360904,Bidens tripartita,8.388438443,8.1610727,,N,0,N,,NA,NBNSYS0000004355,TIFO,DEFAULT,FALSE,09 01 2016,,NA,NA,NA,NA
213,70,320901,Blindia acuta,1.094586356,3.24444095,,Y,22,N,(Hedw.) Br.Eur.,10,NBNSYS0000036184,TIFO,DEFAULT,FALSE,09 01 2016,,NA,NA,NA,NA
12,71,NA,Blue-green algal scum / pelts,5.1,5.2,,Y,3,N,,NA,NHMSYS0020233865,LAMC,DEFAULT,FALSE,07 09 2015,,NA,NA,NA,NA
214,73,NA,Bolboschoenus maritimus,7.645369718,8.1928979,,N,0,N,,NA,NBNSYS0000002381,TIFO,DEFAULT,FALSE,09 01 2016,,NA,NA,NA,NA
215,74,321001,Brachythecium plumosum,2.921128713,3.8665995,,Y,21,N,(Hedw.) Br.Eur.,9,NBNSYS0000036871,TIFO,DEFAULT,FALSE,09 01 2016,,NA,NA,NA,NA
216,75,321002,Brachythecium rivulare,3.563617073,4.3022672,,Y,21,N,Br.Eur.,8,NBNSYS0000036864,TIFO,DEFAULT,FALSE,09 01 2016,,NA,NA,NA,NA
217,80,321201,Bryum alpinum,3.830867945,3.2149062,,N,0,N,Huds. ex With.,NA,NBNSYS0000036617,TIFO,DEFAULT,FALSE,09 01 2016,,NA,NA,NA,NA
218,85,321204,Bryum dixonii,5.223527149,5.6480874,,N,0,N,Card. ex Nicholson,NA,NBNSYS0000036622,TIFO,DEFAULT,FALSE,09 01 2016,,NA,NA,NA,NA
219,89,321212,Bryum pseudotriquetrum,2.706568592,3.8719037,,N,0,N,(Hedw.) Schwaegr.,9,NBNSYS0000036612,TIFO,DEFAULT,FALSE,09 01 2016,,NA,NA,NA,NA
220,92,380801,Butomus umbellatus,8.894641393,8.6066255,,Y,13,N,L.,5,NBNSYS0000002108,TIFO,DEFAULT,FALSE,09 01 2016,,8.45683354,7.969686738,13,13
221,101,321302,Calliergon cuspidatum,3.491302365,3.71675585,,N,0,N,,NA,NBNSYS0000036847,TIFO,DEFAULT,FALSE,09 01 2016,,NA,NA,NA,NA
16,109,361100,Callitriche,6.668114592,7.18293,,Y,6,N,,NA,NHMSYS0000456299,TIFO,DEFAULT,FALSE,09 02 2016,Callitiche sp.,5.969043517,7.106640256,6,6
222,104,NA,Callitriche brutia var. hamulata,4.511654937,5.81480805,,Y,6,N,,NA,NHMSYS0100000850,TIFO,DEFAULT,FALSE,09 01 2016,,5.46884682,4.08410806,6,6
223,105,361104,Callitriche hermaphroditica,5.7545143,7.60232345,,Y,5,N,,NA,NBNSYS0000003620,TIFO,DEFAULT,FALSE,09 01 2016,,6.70885188,8.07606358,5,5
224,106,361105,Callitriche obtusangula,8.037592913,7.97843945,,Y,6,N,Le Gall,5,NBNSYS0000003618,TIFO,DEFAULT,FALSE,09 01 2016,,7.83335414,9.342298983,6,6
225,108,361107,Callitriche platycarpa,7.557613977,7.7377011,,Y,6,N,,NA,NHMSYS0000456307,TIFO,DEFAULT,FALSE,09 01 2016,,7.45408066,9.500718577,6,6
226,110,361108,Callitriche stagnalis,6.474482704,7.17003115,,Y,6,N,,NA,NBNSYS0000143455,TIFO,DEFAULT,FALSE,09 01 2016,,5.98377716,6.375775103,6,6
227,111,NA,Callitriche stagnalis/platycarpa,6.213523641,6.1430657,,Y,6,N,,NA,NHMSYS0000523179,TIFO,DEFAULT,FALSE,09 01 2016,,NA,NA,NA,NA
228,112,361109,Callitriche truncata,6.466009118,7.1484527,,Y,6,N,Guss.,NA,NBNSYS0000003621,TIFO,DEFAULT,FALSE,09 02 2016,,8.349940012,8.278375773,6,6
229,114,361201,Caltha palustris,4.203721431,5.2437627,,N,0,N,L.,NA,NBNSYS0000002691,TIFO,DEFAULT,FALSE,09 01 2016,,NA,NA,NA,NA
230,126,381101,Carex acuta,7.191669772,7.3013101,,N,0,N,,5,NHMSYS0100000887,TIFO,DEFAULT,FALSE,09 01 2016,,NA,NA,NA,NA
231,127,381102,Carex acutiformis,8.213611678,8.10308815,,N,0,N,,NA,NBNSYS0000002431,TIFO,DEFAULT,FALSE,09 01 2016,,NA,NA,NA,NA
232,129,381104,Carex aquatilis,3.903734597,5.01652595,,N,0,N,,NA,NBNSYS0000002458,TIFO,DEFAULT,FALSE,09 01 2016,,NA,NA,NA,NA
233,136,381111,Carex elata,4.535293038,6.2322727,,N,0,N,,NA,NBNSYS0000002456,TIFO,DEFAULT,FALSE,09 01 2016,,NA,NA,NA,NA
234,140,381116,Carex lasiocarpa,3.406617256,NA,Y,N,0,N,Ehrh.,NA,NBNSYS0000002443,TIFO,DEFAULT,FALSE,09 01 2016,,NA,NA,NA,NA
235,144,381124,Carex paniculata,7.494437942,7.95939255,,N,0,N,L.,NA,NBNSYS0000002464,TIFO,DEFAULT,FALSE,09 01 2016,,NA,NA,NA,NA
236,147,381126,Carex recta,5.423919897,6.83273225,,N,0,N,,NA,NBNSYS0000002459,TIFO,DEFAULT,FALSE,09 01 2016,,NA,NA,NA,NA
237,149,381128,Carex riparia,9.057548151,8.8916057,,N,0,N,,NA,NBNSYS0000002430,TIFO,DEFAULT,FALSE,09 01 2016,,NA,NA,NA,NA
238,150,381129,Carex rostrata,2.638227221,4.7126194,,N,0,N,,NA,NBNSYS0000002426,TIFO,DEFAULT,FALSE,09 01 2016,,NA,NA,NA,NA
239,152,381131,Carex vesicaria,3.680035804,5.39336525,,N,0,N,,NA,NBNSYS0000002427,TIFO,DEFAULT,FALSE,09 01 2016,,NA,NA,NA,NA
240,161,381201,Catabrosa aquatica,8.695974615,7.56712285,,N,0,N,(L.) P.Beauv.,5,NBNSYS0000002560,TIFO,DEFAULT,FALSE,09 01 2016,,NA,NA,NA,NA
241,172,361401,Ceratophyllum demersum,9.727055193,9.31702665,,Y,5,N,L.,2,NBNSYS0000002761,TIFO,DEFAULT,FALSE,09 01 2016,,8.6655636,7.986827927,5,5
142,189,999990,Chara,3.845717639,NA,Y,Y,2,N,L.,NA,NBNSYS0000039930,TIFO,DEFAULT,FALSE,09 01 2016,Chara sp.,6.31,5.574264826,2,2
4,185,220104,Chara globularis,3.299850627,NA,Y,Y,2,N,,NA,NBNSYS0000039849,TIFO,DEFAULT,FALSE,09 01 2016,,7.18,6.86064202,2,2
5,193,220111,Chara vulgaris,3.772614523,5.65568205,,Y,2,N,L.,NA,NBNSYS0000039859,TIFO,DEFAULT,FALSE,09 01 2016,,7.2,5.558296532,2,2
6,197,341101,Chiloscyphus pallescens,4.776984526,4.7490255,,N,0,N,,NA,NHMSYS0000309622,TIFO,DEFAULT,FALSE,09 01 2016,,NA,NA,NA,NA
7,198,341102,Chiloscyphus polyanthos,4.047966677,4.76722855,,Y,23,N,(L.) Corda in Opiz corr.Dum.,8,NBNSYS0000035952,TIFO,DEFAULT,FALSE,09 01 2016,,NA,NA,NA,NA
8,202,321801,Cinclidotus fontinaloides,5.365524749,5.68413185,,Y,22,N,,NA,NBNSYS0000036442,TIFO,DEFAULT,FALSE,09 02 2016,,5.176843858,NA,3,NA
9,208,NA,Cladophora aegagropila,5.655975578,6.2267274,,Y,19,N,,NA,NBNSYS0000174581,TIFO,DEFAULT,FALSE,09 01 2016,,NA,NA,NA,NA
148,210,190103,Cladophora glomerata,7.495232609,6.84044745,,Y,19,Y,,NA,NBNSYS0000174588,TIFO,DEFAULT,FALSE,09 01 2016,,NA,NA,NA,NA
150,211,NA,Cladophora glomerata/Rhizoclonium hieroglyphicum,8.661153473,7.18293,,Y,19,Y,,NA,NHMSYS0021130731,TIFO,DEFAULT,FALSE,09 01 2016,,NA,NA,NA,NA
11,218,NA,Collema dichotomum,4.419076219,5.1497337,,Y,3,N,,NA,NBNSYS0000018437,TIFO,DEFAULT,FALSE,09 01 2016,,NA,NA,NA,NA
13,231,322003,Cratoneuron filicinum,5.023023224,6.33968275,,N,0,N,(Hedw.) Spruce,NA,NBNSYS0000036790,TIFO,DEFAULT,FALSE,09 01 2016,,NA,NA,NA,NA
39,253,310500,Dermatocarpon,3.507990375,4.84968475,,N,0,N,,NA,NBNSYS0000132330,TIFO,DEFAULT,FALSE,09 01 2016,Dermatocarpon sp(p). (aggregated),NA,NA,NA,NA
174,259,322501,Dichodontium flavescens,2.937022055,3.5992196,,N,0,N,(With.) Lindb.,9,NBNSYS0000036205,TIFO,DEFAULT,FALSE,09 01 2016,,NA,NA,NA,NA
41,260,NA,Dichodontium palustre,1.68264184,3.51519625,,N,0,N,,NA,,TIFO,DEFAULT,FALSE,09 01 2016,Dichodontium palustris,NA,NA,NA,NA
176,261,322502,Dichodontium pellucidum,3.068142128,4.01523765,,N,0,N,,9,NBNSYS0000189239,TIFO,DEFAULT,FALSE,09 01 2016,,NA,NA,NA,NA
,,NA,Dichodontium flavescens/pellucidum,3,NA,,N,0,N,NA,NA,NA,NA,NA,NA,NA,NA,NA,NA,NA,NA
48,288,NA,Draparnaldia,3.04,2.636573,,Y,19,N,,NA,NHMSYS0000602201,TIFO,DEFAULT,FALSE,09 01 2016,Draparnaldia sp.,NA,NA,NA,NA
179,290,322904,Drepanocladus fluitans,3.727621096,4.44849435,,N,0,N,,NA,NBNSYS00000396820,TIFO,DEFAULT,FALSE,09 01 2016,,6.651575497,NA,3,NA
180,295,362401,Elatine hexandra,4.167828116,6.15162475,,Y,11,N,,NA,NBNSYS0000002983,TIFO,DEFAULT,FALSE,09 01 2016,,5.40885608,3.81031012,11,11
181,297,382001,Eleocharis acicularis,5.345311501,6.7863205,,Y,4,N,(L.) Roemer and Schultes,NA,NBNSYS0000002394,TIFO,DEFAULT,FALSE,09 01 2016,,6.74939572,8.68090271,4,4
182,299,382004,Eleocharis palustris,4.535494951,5.7913008,,N,0,N,,NA,NHMSYS0000458304,TIFO,DEFAULT,FALSE,09 01 2016,,NA,NA,NA,NA
183,302,NA,Eleogiton fluitans,2.062888232,5.35768245,,Y,15,N,,NA,NBNSYS0000002392,TIFO,DEFAULT,FALSE,09 01 2016,,3.45214436,2.034374133,15,15
185,304,382101,Elodea canadensis,7.649795362,7.60352895,,Y,5,N,Michaux,5,NBNSYS0000002113,TIFO,DEFAULT,FALSE,09 02 2016,,7.13915874,7.447143791,5,5
186,306,382103,Elodea nuttallii,9.443756368,8.62482855,,Y,5,N,,3,NHMSYS0100001378,TIFO,DEFAULT,FALSE,09 01 2016,,6.92288564,6.189107055,5,5
187,319,350202,Equisetum fluviatile,3.922806607,6.01492105,,N,0,N,,NA,NBNSYS0000002016,TIFO,DEFAULT,FALSE,09 01 2016,,NA,NA,NA,NA
58,342,999900,Filamentous green algae,7.610708596,7.03827,,Y,19,Y,,NA,NHMSYS0020234082,TIFO,DEFAULT,FALSE,09 01 2016,Filamentous green algae (River LP),NA,NA,NA,NA
59,360,323300,Fissidens,5.802227289,5.941265,,Y,22,N,,NA,NBNSYS0000133232,TIFO,DEFAULT,FALSE,09 01 2016,Fissidens sp. (one of scoring taxa),NA,NA,NA,NA
188,347,323303,Fissidens crassipes,6.203103885,6.0046743,,Y,22,N,,NA,NHMSYS0000309867,TIFO,DEFAULT,FALSE,09 01 2016,,NA,NA,NA,NA
189,348,323304,Fissidens curnovii,3.939511788,5.0282193,,Y,22,N,Mitt.,NA,NBNSYS0000036274,TIFO,DEFAULT,FALSE,09 01 2016,,NA,NA,NA,NA
190,354,323307,Fissidens osmundoides,3.05581262,NA,Y,Y,22,N,,NA,NBNSYS0000036282,TIFO,DEFAULT,FALSE,09 01 2016,,NA,NA,NA,NA
191,355,323308,Fissidens polyphyllus,3.840723326,NA,Y,Y,22,N,,NA,NHMSYS0000309873,TIFO,DEFAULT,FALSE,09 01 2016,,NA,NA,NA,NA
192,357,323309,Fissidens rivularis,5.947897657,6.34956785,,Y,22,N,(Spruce) Br.Eur.,NA,NBNSYS0000036275,TIFO,DEFAULT,FALSE,09 01 2016,,NA,NA,NA,NA
193,358,323310,Fissidens rufulus,4.701977711,5.25569715,,Y,22,N,Br.Eur.,NA,NBNSYS0000036278,TIFO,DEFAULT,FALSE,09 01 2016,,NA,NA,NA,NA
194,359,323311,Fissidens serrulatus,5.271396143,3.38982425,,Y,22,N,Brid.,NA,NBNSYS0000036288,TIFO,DEFAULT,FALSE,09 01 2016,,NA,NA,NA,NA
195,362,323313,Fissidens viridulus,4.664628356,5.50812885,,Y,22,N,,NA,NHMSYS0000310872,TIFO,DEFAULT,FALSE,09 01 2016,,NA,NA,NA,NA
196,363,323401,Fontinalis antipyretica,5.398900768,5.94934185,,Y,21,N,Hedw.,5,NBNSYS0000022274,TIFO,DEFAULT,FALSE,09 01 2016,,5.422632465,4.194566798,3,3
197,364,323402,Fontinalis squamosa,3.66056646,5.0180931,,Y,21,N,,NA,NBNSYS0000036730,TIFO,DEFAULT,FALSE,09 02 2016,,4.555982107,3.091661928,3,3
198,382,382501,Glyceria declinata,6.655269472,6.24951135,,N,0,N,Breb.,NA,NBNSYS0000002505,TIFO,DEFAULT,FALSE,09 01 2016,,NA,NA,NA,NA
199,383,382502,Glyceria fluitans,5.250695351,5.7688785,,N,0,N,(L.) R.Br.,NA,NBNSYS0000002502,TIFO,DEFAULT,FALSE,09 01 2016,,NA,NA,NA,NA
68,384,382502,Glyceria fluitans agg.,5.813758619,6.013595,,N,0,N,,NA,NHMSYS0020233935,TIFO,DEFAULT,FALSE,09 01 2016,Glyceria fluitans agg,NA,NA,NA,NA
200,385,382503,Glyceria maxima,9.643217813,8.9588726,,N,0,N,,NA,NHMSYS0000459090,TIFO,DEFAULT,FALSE,09 01 2016,,NA,NA,NA,NA
14,386,NA,Glyceria notata,8.280761049,7.48611325,,N,0,N,,NA,NBNSYS0000002504,TIFO,DEFAULT,FALSE,09 01 2016,,NA,NA,NA,NA
15,388,382561,Glyceria x pedicellata,7.117402875,7.1508637,,N,0,N,F.Towns,NA,NBNSYS0000002503,TIFO,DEFAULT,FALSE,09 01 2016,,NA,NA,NA,NA
167,390,NA,Gongrosira incrustans,7.459075256,5.8433784,,Y,20,N,,NA,NHMSYS0000603191,TIFO,DEFAULT,FALSE,09 01 2016,,NA,NA,NA,NA
17,391,382601,Groenlandia densa,7.962496871,8.1222556,,Y,5,N,,NA,NBNSYS0000002147,TIFO,DEFAULT,FALSE,09 01 2016,,6.494271768,5.345867148,5,5
168,399,NA,Heribaudiella fluviatilis,5.492274153,5.67641665,,Y,20,N,,NA,NHMSYS0000603327,TIFO,DEFAULT,FALSE,09 01 2016,,NA,NA,NA,NA
18,401,20601,Hildenbrandia rivularis,6.034237124,6.06796305,,Y,20,N,,NA,NHMSYS0000603347,TIFO,DEFAULT,FALSE,09 01 2016,,NA,NA,NA,NA
19,402,363201,Hippuris vulgaris,5.939274404,8.21966,,N,0,N,L.,4,NBNSYS0000003614,TIFO,DEFAULT,FALSE,09 01 2016,,6.40453736,5.228681877,7,7
135,406,363301,Hottonia palustris,6.934843674,8.8470022,,Y,7,N,L.,NA,NBNSYS0000003932,TIFO,DEFAULT,FALSE,09 01 2016,,7.32690972,6.293049211,7,7
136,413,382701,Hydrocharis morsus-ranae,8.774280152,9.6913344,,Y,1,N,,NA,NBNSYS0000002109,TIFO,DEFAULT,FALSE,09 01 2016,,8.26095022,6.509153579,8,8
137,416,NA,Hydrodictyon reticulatum,8.790142668,7.73782165,,Y,19,Y,,NA,NMHSYS0000603417,TIFO,DEFAULT,FALSE,09 01 2016,,9.110672342,8.418632804,NA,NA
177,419,NA,Hygroamblystegium fluviatile/tenax,6.546965178,5.97743,,Y,21,N,,NA,NHMSYS0021125975,TIFO,DEFAULT,FALSE,09 01 2016,Hygroamblystegium sp.,NA,NA,NA,NA
175,418,NA,Hygroamblystegium fluviatile,5.414396776,5.28896895,,Y,21,N,,NA,NBNSYS0000149094,TIFO,DEFAULT,FALSE,09 01 2016,,NA,NA,NA,NA
178,420,NA,Hygroamblystegium tenax,5.265794026,5.59637145,,Y,21,N,,NA,NHMSYS0000310058,TIFO,DEFAULT,FALSE,09 01 2016,,NA,NA,NA,NA
138,421,342501,Hygrobiella laxifolia,2.762263056,2.0578673,,Y,23,N,(Hook.) Spruce,NA,NBNSYS0000035807,TIFO,DEFAULT,FALSE,09 01 2016,,NA,NA,NA,NA
139,422,NA,Hygrohypnum duriusculum,3.330824682,NA,Y,Y,21,N,,NA,NBNSYS0000149116,TIFO,DEFAULT,FALSE,09 01 2016,,NA,NA,NA,NA
140,423,323902,Hygrohypnum eugyrium,4.279053131,3.89806305,,Y,21,N,(Br.Eur.) Broth.,NA,NBNSYS0000036835,TIFO,DEFAULT,FALSE,09 01 2016,,NA,NA,NA,NA
141,424,323903,Hygrohypnum luridum,2.804709981,3.83272495,,Y,21,N,,NA,NBNSYS0000036832,TIFO,DEFAULT,FALSE,09 01 2016,,NA,NA,NA,NA
143,426,323905,Hygrohypnum ochraceum,2.960862068,3.8680461,,Y,21,N,(Turn. ex Wils.) Loeske,9,NBNSYS0000036829,TIFO,DEFAULT,FALSE,09 01 2016,,NA,NA,NA,NA
144,429,324001,Hyocomium armoricum,1.959581507,3.5999429,,N,0,N,,NA,NHMSYS0000310074,TIFO,DEFAULT,FALSE,09 01 2016,,NA,NA,NA,NA
145,430,363501,Hypericum elodes,2.66183203,4.6950191,,N,0,N,L.,NA,NBNSYS0000002969,TIFO,DEFAULT,FALSE,09 01 2016,,4.95038068,3.559909138,11,11
146,435,382901,Iris pseudacorus,6.916317618,7.57049825,,N,0,N,,NA,NBNSYS0000002269,TIFO,DEFAULT,FALSE,09 01 2016,,NA,NA,NA,NA
147,438,350302,Isoetes lacustris,3.019206919,5.8990725,,Y,4,N,,NA,NBNSYS0000002008,TIFO,DEFAULT,FALSE,09 01 2016,,3.08972486,2.2156074,4,4
149,446,383003,Juncus articulatus,3.09516081,4.26815155,,N,0,N,,NA,NBNSYS0000002231,TIFO,DEFAULT,FALSE,09 01 2016,,NA,NA,NA,NA
151,452,383005,Juncus bulbosus,1.89282947,4.3519338,,Y,4,N,L.,NA,NBNSYS0000002234,TIFO,DEFAULT,FALSE,09 01 2016,,3.71650434,2.421807542,4,4
256,472,NA,Jungermannia,2.413967992,3.4941,,Y,23,N,L.,NA,NHMSYS0000310112,TIFO,DEFAULT,FALSE,09 05 2016,Jungermannia sp. (one of scoring taxa),5.988605462,NA,3,NA
26,465,NA,Jungermannia atrovirens,2.281024354,3.61814595,,Y,23,N,,NA,NHMSYS0000310113,TIFO,DEFAULT,FALSE,09 01 2016,,NA,NA,NA,NA
27,466,NA,Jungermannia exsertifolia,3.870758773,4.44005585,,Y,23,N,,NA,NBNSYS0000035884,TIFO,DEFAULT,FALSE,09 01 2016,,NA,NA,NA,NA
28,469,NA,Jungermannia obovata,2.970399318,4.39593455,,Y,23,N,,NA,NBNSYS0000035892,TIFO,DEFAULT,FALSE,09 01 2016,,NA,NA,NA,NA
29,470,NA,Jungermannia paroica,3.996297555,NA,Y,Y,23,N,,NA,NBNSYS0000035890,TIFO,DEFAULT,FALSE,09 01 2016,,NA,NA,NA,NA
30,471,NA,Jungermannia pumila,3.290933854,3.01033285,,Y,23,N,,NA,NBNSYS0000035881,TIFO,DEFAULT,FALSE,09 01 2016,,NA,NA,NA,NA
31,473,NA,Jungermannia sphaerocarpa,3.077165946,2.47557305,,Y,23,N,,NA,NBNSYS0000035886,TIFO,DEFAULT,FALSE,09 01 2016,,NA,NA,NA,NA
257,489,20700,Lemanea,4.537269478,5.16697235,,Y,19,N,,NA,NHMSYS0000603561,TIFO,DEFAULT,FALSE,09 01 2016,Lemanea sp.,NA,NA,NA,NA
32,488,20701,Lemanea fluviatilis,4.509270936,5.2579876,,Y,19,N,,NA,NBNSYS0100012763,TIFO,DEFAULT,FALSE,09 01 2016,,NA,NA,NA,NA
258,494,383300,Lemna,7.5979728,9.83248,,Y,1,N,L.,NA,NHMSYS0000460223,TIFO,DEFAULT,FALSE,09 01 2016,Lemna sp.,NA,NA,NA,NA
33,490,383301,Lemna gibba,10.00121535,9.13584,,Y,1,N,L.,2,NBNSYS0000002359,TIFO,DEFAULT,FALSE,09 01 2016,,9.2395418,7.661548113,1,1
34,491,383302,Lemna minor,8.798486673,8.5907129,,Y,1,N,L.,4,NBNSYS0000002358,TIFO,DEFAULT,FALSE,09 01 2016,,7.5794837,8.517826202,1,1
35,493,383305,Lemna minuta,9.211713571,8.86833955,,Y,1,N,,NA,NBNSYS0000004649,TIFO,DEFAULT,FALSE,09 01 2016,,8.63951654,10.00084216,1,1
36,495,383304,Lemna trisulca,8.212223442,8.66292235,,Y,1,N,,NA,NBNSYS0000002357,TIFO,DEFAULT,FALSE,09 01 2016,,7.81532156,7.96052766,1,1
259,497,NA,Leptodictyum riparium,7.573109986,6.5847609,,Y,21,N,,NA,NBNSYS0000150326,TIFO,DEFAULT,FALSE,09 01 2016,,8.437477932,8.707906366,3,3
37,502,363901,Littorella uniflora,1.956402839,4.83883525,,Y,4,N,(L.) Asch.,8,NBNSYS0000004280,TIFO,DEFAULT,FALSE,09 01 2016,,4.7013425,3.732984506,4,4
38,503,364001,Lobelia dortmanna,2.724718747,5.2601575,,Y,4,N,L.,NA,NBNSYS0000004299,TIFO,DEFAULT,FALSE,09 01 2016,,2.4602346,2.158533228,4,4
40,513,383401,Luronium natans,4.369159472,5.56719835,,Y,4,N,(L.) Raf.,NA,NBNSYS0000002100,TIFO,DEFAULT,FALSE,09 02 2016,,5.13259224,3.519850052,13,13
42,521,364502,Lythrum salicaria,7.325968514,8.11200885,,N,0,N,,NA,NBNSYS0000003524,TIFO,DEFAULT,FALSE,09 01 2016,,NA,NA,NA,NA
260,525,343400,Marsupella,1.239201952,2.74669,,Y,23,N,,NA,NHMSYS0000309950,TIFO,DEFAULT,FALSE,09 01 2016,Marsupella sp. (scoring taxon),NA,NA,NA,NA
43,523,343401,Marsupella aquatica,3.171026718,0.99979995,,Y,23,N,,NA,NBNSYS0000102452,TIFO,DEFAULT,FALSE,09 01 2016,,NA,NA,NA,NA
44,524,343402,Marsupella emarginata,1.057634335,2.85144795,,Y,23,N,,NA,NHMSYS0000309960,TIFO,DEFAULT,FALSE,09 01 2016,,NA,NA,NA,NA
45,528,364601,Mentha aquatica,6.269458589,6.70977125,,N,0,N,,NA,NBNSYS0000004198,TIFO,DEFAULT,FALSE,09 01 2016,,NA,NA,NA,NA
46,535,364701,Menyanthes trifoliata,3.137278167,5.6907621,,N,0,N,,NA,NBNSYS0000003976,TIFO,DEFAULT,FALSE,09 01 2016,,4.76404402,5.172514418,10,10
261,543,364800,Mimulus,5.596365252,5.4229,,N,0,N,,NA,NHMSYS0000460720,TIFO,DEFAULT,FALSE,09 01 2016,Mimulus sp./hybrid (scoring taxon),NA,NA,NA,NA
47,541,364801,Mimulus guttatus,5.787095652,5.67400565,,N,0,N,Fisch. ex DC.,NA,NHMSYS0100002052,TIFO,DEFAULT,FALSE,09 01 2016,,NA,NA,NA,NA
262,549,NA,Monostroma,6.855531321,6.428459,,Y,3,N,,NA,NHMSYS00000604004,TIFO,DEFAULT,FALSE,09 01 2016,Monostroma sp.,NA,NA,NA,NA
49,550,365001,Montia fontana,3.346275617,3.561608,,N,0,N,L.,8,NBNSYS0000003074,TIFO,DEFAULT,FALSE,09 01 2016,,NA,NA,NA,NA
50,554,NA,Myosotis laxa,4.823561779,5.4718433,,N,0,N,,NA,NHMSYS0000460816,TIFO,DEFAULT,FALSE,09 01 2016,,NA,NA,NA,NA
263,555,365102,Myosotis scorpioides,6.833274905,6.98438415,,N,0,N,K.F.Schultz,NA,NBNSYS0000004005,TIFO,DEFAULT,FALSE,09 01 2016,,NA,NA,NA,NA
51,556,365103,Myosotis secunda,4.740317031,5.439777,,N,0,N,A.Murray,NA,NBNSYS0000004006,TIFO,DEFAULT,FALSE,09 01 2016,,NA,NA,NA,NA
52,557,365100,Myosotis,7.003846396,7.06238,,N,0,N,,NA,NBNSYS0000037159,TIFO,DEFAULT,FALSE,09 01 2016,,NA,NA,NA,NA
264,565,365400,Myriophyllum,5.887319428,6.58018,,Y,7,N,L.,6,NBNSYS0000042356,TIFO,DEFAULT,FALSE,09 05 2016,Myriophyllum sp.,5.19,NA,7,NA
53,562,365401,Myriophyllum alterniflorum,3.438059669,5.1998825,,Y,7,N,DC.,8,NBNSYS0000003610,TIFO,DEFAULT,FALSE,09 01 2016,,4.53669208,2.658401908,7,7
54,566,365403,Myriophyllum spicatum,8.260894372,7.9141863,,Y,7,N,L.,3,NBNSYS0000003608,TIFO,DEFAULT,FALSE,09 01 2016,,7.8446687,6.232944122,7,7
55,568,365405,Myriophyllum verticillatum,7.532267487,NA,Y,Y,7,N,,NA,NBNSYS0000003607,TIFO,DEFAULT,FALSE,09 01 2016,,8.66686006,5.318823577,7,7
,,NA,Nardia,1.401076879,NA,,Y,23,N,NA,NA,NA,NA,NA,NA,NA,NA,NA,NA,NA,NA
56,573,343701,Nardia compressa,1.048495663,2.89219385,,Y,23,N,(Hook.) S.F.Gray,10,NBNSYS0000035893,TIFO,DEFAULT,FALSE,09 01 2016,,NA,NA,NA,NA
57,576,343703,Nardia scalaris,2.733870173,3,,Y,23,N,S.F.Gray,NA,NBNSYS0000022265,TIFO,DEFAULT,FALSE,09 01 2016,,NA,NA,NA,NA
267,584,NA,Nitella,4.593742453,5.7644,,Y,2,N,C. Agardh,NA,NBNSYS0000039998,TIFO,DEFAULT,FALSE,09 01 2016,Nitella sp.,5.47,4.656421535,2,2
265,580,220301,Nitella flexilis,4.391216754,5.55514335,,Y,2,N,(L.) C. Agardh,NA,NHMSYS0000377474,TIFO,DEFAULT,FALSE,09 01 2016,Nitella flexilis (agg.),5.603980599,5.190725885,2,2
266,583,999989,Nitella opaca,4.309557882,5.09608895,,Y,2,N,(C. Agardh ex Bruzelius) C. Agardh,NA,NHMSYS0000461056,TIFO,DEFAULT,FALSE,09 01 2016,,5.269535894,2.36469171,2,2
60,585,220308,Nitella translucens,4.167828116,6.15162475,,Y,2,N,(Pers.) C. Agardh,NA,NBNSYS0000039874,TIFO,DEFAULT,FALSE,09 01 2016,,5.174960421,2.730759825,2,2
268,589,NA,Nostoc,4.659934916,5.188872267,,Y,3,N,,NA,NBNSYS0100013951,TIFO,DEFAULT,FALSE,09 01 2016,Nostoc sp.,NA,NA,NA,NA
61,587,NA,Nostoc commune,5.1446841,5.48329555,,Y,3,N,,NA,NBNSYS0100013954,TIFO,DEFAULT,FALSE,09 01 2016,,NA,NA,NA,NA
62,588,NA,Nostoc parmelioides,4.122665386,4.97385125,,Y,3,N,,NA,NBNSYS0100013964,TIFO,DEFAULT,FALSE,09 01 2016,,NA,NA,NA,NA
63,590,NA,Nostoc verrucosum,4.712455246,5.10947,,Y,3,N,,NA,NBNSYS0100013972,TIFO,DEFAULT,FALSE,09 01 2016,,NA,NA,NA,NA
64,591,365501,Nuphar lutea,8.417841126,9.1606733,,Y,12,N,(L.) Smith,3,NBNSYS0000002758,TIFO,DEFAULT,FALSE,09 01 2016,,6.92429996,7.465380066,12,12
65,596,365601,Nymphaea alba,5.693722266,8.41892915,,Y,12,N,,NA,NBNSYS0000002757,TIFO,DEFAULT,FALSE,09 01 2016,,5.53979854,6.842630778,12,12
66,598,365701,Nymphoides peltata,9.365878991,9.79970885,,Y,10,N,,NA,NBNSYS0000003977,TIFO,DEFAULT,FALSE,09 01 2016,,8.0656562,6.754704766,10,10
67,599,325001,Octodiceras fontanum,6.53885074,6.69747515,,Y,22,N,(La Pyl.) Lindb.,NA,NBNSYS0000036290,TIFO,DEFAULT,FALSE,09 01 2016,,NA,NA,NA,NA
69,603,365801,Oenanthe aquatica,6.0565415,6.91108975,,Y,8,N,(L.) Poiret,NA,NBNSYS0000003694,TIFO,DEFAULT,FALSE,09 01 2016,,8.30632632,NA,7,NA
70,604,365802,Oenanthe crocata,6.224559897,6.4830167,,Y,8,N,L.,7,NBNSYS0000003693,TIFO,DEFAULT,FALSE,09 01 2016,,NA,NA,NA,NA
71,605,365803,Oenanthe fistulosa,8.265265041,8.30127235,,N,0,N,,NA,NBNSYS0000003689,TIFO,DEFAULT,FALSE,09 01 2016,,NA,NA,NA,NA
72,606,365804,Oenanthe fluviatilis,8.574787881,8.54189015,,Y,8,N,(Bab.) Coleman,5,NBNSYS0000003695,TIFO,DEFAULT,FALSE,09 01 2016,,NA,NA,NA,NA
73,617,325203,Orthotrichum rivulare,4.711281986,5.56647505,,N,0,N,Turn.,NA,NBNSYS0000036704,TIFO,DEFAULT,FALSE,09 01 2016,,NA,NA,NA,NA
74,629,NA,Palustriella commutata,4.605219314,3.75388525,,N,0,N,,NA,NBNSYS0000153140,TIFO,DEFAULT,FALSE,09 01 2016,,NA,NA,NA,NA
269,636,344100,Pellia,4.670160417,5.63989,,N,0,N,,NA,NBNSYS0000042534,TIFO,DEFAULT,FALSE,09 01 2016,Pellia sp.,NA,NA,NA,NA
75,633,344101,Pellia endiviifolia,6.495144049,6.48868255,,N,0,N,(Dicks.) Dum.,6,NBNSYS0000036023,TIFO,DEFAULT,FALSE,09 01 2016,,NA,NA,NA,NA
76,634,344102,Pellia epiphylla,3.339918281,5.08982035,,N,0,N,,NA,NHMSYS0000310421,TIFO,DEFAULT,FALSE,09 01 2016,,NA,NA,NA,NA
77,637,NA,Persicaria amphibia,8.204473007,8.32610565,,Y,10,N,,NA,NHMSYS0000461597,TIFO,DEFAULT,FALSE,09 01 2016,,7.2536008,8.247131412,10,10
78,639,NA,Persicaria hydropiper,6.965984313,7.53409215,,N,0,N,,NA,NHMSYS0000461603,TIFO,DEFAULT,FALSE,09 01 2016,,NA,NA,NA,NA
79,648,383701,Phalaris arundinacea,7.517085955,7.24332555,,N,0,N,L.,NA,NBNSYS0000002669,TIFO,DEFAULT,FALSE,09 01 2016,,NA,NA,NA,NA
80,650,324502,Philonotis caespitosa,2.73598204,3.081819,,N,0,N,,NA,NHMSYS0000310277,TIFO,DEFAULT,FALSE,09 01 2016,,NA,NA,NA,NA
81,652,325404,Philonotis fontana,2.657696565,3.08893145,,N,0,N,,NA,NBNSYS0000036682,TIFO,DEFAULT,FALSE,09 01 2016,,NA,NA,NA,NA
82,658,383801,Phragmites australis,7.697872723,8.9427189,,N,0,N,,NA,NHMSYS0000461214,TIFO,DEFAULT,FALSE,09 01 2016,,NA,NA,NA,NA
83,683,NA,Platyhypnidium alopecuroides,4.347336843,3.8193439,,Y,21,N,,NA,,TIFO,DEFAULT,FALSE,09 01 2016,,NA,NA,NA,NA
270,684,NA,Platyhypnidium riparioides,5.163281969,5.2941526,,Y,21,N,,NA,NBNSYS0000154182,TIFO,DEFAULT,FALSE,09 01 2016,,NA,NA,NA,NA
84,714,344601,Porella cordaeana,4.94640322,5,,Y,23,N,,NA,NHMSYS0000310401,TIFO,DEFAULT,FALSE,09 01 2016,,NA,NA,NA,NA
85,716,344602,Porella pinnata,4.906043088,5.2025346,,Y,23,N,,NA,NBNSYS0000035980,TIFO,DEFAULT,FALSE,09 01 2016,,NA,NA,NA,NA
86,721,384002,Potamogeton alpinus,4.962628523,6.2566238,,Y,16,N,Balbis,7,NBNSYS0000002132,TIFO,DEFAULT,FALSE,09 01 2016,,5.78824742,4.483391265,16,16
87,723,384003,Potamogeton berchtoldii,7.345437859,7.7584357,,Y,14,N,Fieber,4,NBNSYS0000002140,TIFO,DEFAULT,FALSE,09 01 2016,,6.06769348,6.57546249,14,14
88,725,384005,Potamogeton compressus,8.325625662,9,,Y,14,N,L.,NA,NBNSYS0000002142,TIFO,DEFAULT,FALSE,09 01 2016,,7.99800456,5.178044281,14,14
89,726,384006,Potamogeton crispus,8.023686239,7.85764835,,Y,17,N,,NA,NBNSYS0000002144,TIFO,DEFAULT,FALSE,09 01 2016,,7.64359954,7.504223385,17,17
90,729,384008,Potamogeton filiformis,6.003744816,7.6226964,,Y,15,N,,NA,NBNSYS0000002145,TIFO,DEFAULT,FALSE,09 01 2016,,6.1639851,3.681298579,15,15
91,731,384009,Potamogeton friesii,8.194924537,9.092442,,Y,14,N,,NA,NBNSYS0000002136,TIFO,DEFAULT,FALSE,09 01 2016,,7.64289238,4.707508962,14,14
92,733,384010,Potamogeton gramineus,4.235508116,5.69112375,,Y,16,N,,NA,NBNSYS0000002131,TIFO,DEFAULT,FALSE,09 01 2016,,5.51186572,2.845512026,16,16
93,737,384011,Potamogeton lucens,8.539425194,8.7922725,,Y,17,N,L.,3,NBNSYS0000002130,TIFO,DEFAULT,FALSE,09 01 2016,,7.0172915,4.371307167,17,17
94,739,384012,Potamogeton natans,5.6941196,7.54397725,,Y,16,N,,NA,NBNSYS0000002126,TIFO,DEFAULT,FALSE,09 01 2016,,5.15793214,4.713809548,16,16
95,740,384013,Potamogeton nodosus,7.052404291,8.78925875,,Y,16,N,Poiret,NA,NBNSYS0000002129,TIFO,DEFAULT,FALSE,09 01 2016,,NA,NA,NA,NA
96,741,384014,Potamogeton obtusifolius,5.838080553,6.79560285,,Y,14,N,,NA,NHMSYS0000461997,TIFO,DEFAULT,FALSE,09 01 2016,,6.71769138,6.967132231,14,14
97,742,384015,Potamogeton pectinatus,9.59037245,8.58239495,,Y,15,N,,NA,NBNSYS0000002146,TIFO,DEFAULT,FALSE,09 01 2016,,8.24704274,7.19393862,15,15
98,743,384016,Potamogeton perfoliatus,8.163944984,8.1388915,,Y,17,N,L.,4,NBNSYS0000002134,TIFO,DEFAULT,FALSE,09 01 2016,,5.82549118,4.418705067,17,17
99,744,384017,Potamogeton polygonifolius,1.708069366,4.6894738,,Y,16,N,,NA,NBNSYS0000461999,TIFO,DEFAULT,FALSE,09 01 2016,,3.49669544,2.392427372,16,16
100,745,384018,Potamogeton praelongus,7.806742117,8.8253032,,Y,17,N,Wulfen,6,NBNSYS0000002133,TIFO,DEFAULT,FALSE,09 01 2016,,5.76526472,3.919465464,16,17
101,746,384019,Potamogeton pusillus,7.471392596,8.4482228,,Y,14,N,,NA,NBNSYS0000002138,TIFO,DEFAULT,FALSE,09 01 2016,,7.60788796,7.544916977,14,14
102,748,384021,Potamogeton trichoides,7.238952575,9.3120841,,Y,14,N,,NA,NBNSYS0000462003,TIFO,DEFAULT,FALSE,09 01 2016,,8.38882832,5.790852289,14,14
103,751,NA,Potamogeton x bottnicus,6.407580787,8,,Y,15,N,,NA,NHMSYS0000462006,TIFO,DEFAULT,FALSE,09 01 2016,,NA,NA,NA,NA
104,753,384065,Potamogeton x cooperi,6.074375047,6.86793285,,Y,17,N,(Fryer) Fryer,NA,NBNSYS0000033908,TIFO,DEFAULT,FALSE,09 02 2016,,5.66936279,4.927355993,17,17
105,754,384066,Potamogeton x fluitans,6.51364346,5.51198645,,Y,16,N,Roth,NA,NBNSYS0000014230,TIFO,DEFAULT,FALSE,09 02 2016,,NA,NA,NA,NA
106,755,384067,Potamogeton x gessnacensis,3.879232361,5.974858267,,Y,16,N,G.Fischer,NA,NBNSYS0000033352,TIFO,DEFAULT,FALSE,09 02 2016,,NA,NA,NA,NA
107,758,384070,Potamogeton x lanceolatus,4.240335563,6.5,,Y,17,N,,NA,NHMSYS0000462014,TIFO,DEFAULT,FALSE,09 02 2016,,NA,NA,NA,NA
108,760,384074,Potamogeton x nitens,6.172694205,5.4467689,,Y,17,N,G.Weber,NA,NBNSYS0000033303,TIFO,DEFAULT,FALSE,09 02 2016,,5.597388567,3.478284952,17,17
109,761,384075,Potamogeton x olivaceus,5.444099963,6.40936065,,Y,17,N,,NA,NHMSYS0000462016,TIFO,DEFAULT,FALSE,09 02 2016,,NA,NA,NA,NA
110,763,384078,Potamogeton x salicifolius,6.363466224,7.0144011,,Y,17,N,,NA,NBNSYS0000014743,TIFO,DEFAULT,FALSE,09 02 2016,,6.88633254,5.890923129,17,17
111,764,384079,Potamogeton x sparganifolius,3.870993425,3.77871855,,Y,16,N,,NA,NBNSYS0100014749,TIFO,DEFAULT,FALSE,09 02 2016,,5.541423564,3.713317419,16,16
112,766,384081,Potamogeton x suecicus,6.019466495,6.31388505,,Y,15,N,,NA,NHMSYS0000462021,TIFO,DEFAULT,FALSE,09 02 2016,,6.113854063,4.622898525,15,15
113,769,384084,Potamogeton x zizii,4.191527961,3.74882215,,Y,16,N,Koch ex Roth.,NA,NBNSYS0000014673,TIFO,DEFAULT,FALSE,09 02 2016,,5.693443885,4.044232058,16,16
114,771,366704,Potentilla palustris,2.883779358,5.0426853,,N,0,N,(L.) Scop.,NA,NBNSYS0000003338,TIFO,DEFAULT,FALSE,09 02 2016,,NA,NA,NA,NA
115,785,326601,Racomitrium aciculare,1.890842802,3.3713801,,Y,22,N,(Hedw.) Brid.,10,NBNSYS0000036491,TIFO,DEFAULT,FALSE,09 02 2016,,NA,NA,NA,NA
271,794,NA,Ranunculus (Batrachian) spp.,7.327785494,7.75373425,,Y,18,N,,NA,NHMSYS0020955238,TIFO,DEFAULT,FALSE,09 02 2016,Ranunculus (sub sect. Batrachian) sp.,6.84,5.312989296,18,18
272,795,NA,Ranunculus (sect Batrachian) sp or hybrid indet2,7.327785494,7.75373425,,Y,18,N,,NA,NHMSYS0020955238,TIFO,DEFAULT,FALSE,09 02 2016,Ranunculus (sub sect. Batrachian) sp.,6.84,5.312989296,18,18
273,796,NA,Ranunculus (sect Batrachian) sp or hybrid indet3,7.327785494,7.75373425,,Y,18,N,,NA,NHMSYS0020955238,TIFO,DEFAULT,FALSE,09 02 2016,Ranunculus (sub sect. Batrachian) sp.,6.84,5.312989296,18,18
116,798,NA,Ranunculus aquatilis var. aquatilis,5.666703584,6.6288822,,Y,18,N,,NA,NBNSYS0000100757,TIFO,DEFAULT,FALSE,09 02 2016,,6.6094959,5.811582035,18,18
117,799,NA,Ranunculus aquatilis var. diffusus,7.645424693,7.73661615,,Y,18,N,,NA,,TIFO,DEFAULT,FALSE,09 02 2016,,6.67596894,4.201348939,18,18
118,803,366903,Ranunculus circinatus,9.419916354,8.8460378,,Y,5,N,Sibth.,4,NBNSYS0000002726,TIFO,DEFAULT,FALSE,09 02 2016,,8.64470238,8.697533472,5,5
119,805,366904,Ranunculus flammula,2.557171175,4.39183585,,N,0,N,L.,7,NBNSYS0000002718,TIFO,DEFAULT,FALSE,09 02 2016,,NA,NA,NA,NA
120,806,366906,Ranunculus fluitans,7.968059541,7.44416185,,Y,18,N,,NA,NBNSYS0000002725,TIFO,DEFAULT,FALSE,09 02 2016,,7.42210589,5.650641095,18,18
121,807,366907,Ranunculus hederaceus,5.472407476,5.6415777,,N,0,N,,NA,NBNSYS0000002722,TIFO,DEFAULT,FALSE,09 02 2016,,6.59806348,8.32688729,11,11
122,809,366909,Ranunculus omiophyllus,3.426536996,4.78073015,,Y,11,N,,NA,NBNSYS0000002723,TIFO,DEFAULT,FALSE,09 02 2016,,5.75866456,5.505430374,11,11
123,812,NA,Ranunculus peltatus subsp. baudotii,9.6791587,7.7943596,,Y,18,N,,NA,NHMSYS0000462258,TIFO,DEFAULT,FALSE,09 02 2016,Ranunculus peltatus var baudotii,6.81704736,6.483561505,18,18
124,813,NA,Ranunculus peltatus subsp. peltatus,6.215818559,6.713261,,Y,18,N,,NA,NBNSYS0000100760,TIFO,DEFAULT,FALSE,09 02 2016,Ranunculus peltatus var peltatus,6.48421072,6.491653085,18,18
128,817,NA,Ranunculus penicillatus subsp. vertumnus,5.865370362,6.50628285,,Y,18,N,,NA,NHMSYS0000462263,TIFO,DEFAULT,FALSE,09 02 2016,,NA,NA,NA,NA
126,815,NA,Ranunculus penicillatus subsp. penicillatus,6.287735933,6.3452285,,Y,18,N,,NA,NHMSYS0000462261,TIFO,DEFAULT,FALSE,09 02 2016,,5.781696389,4.210523619,18,18
127,816,NA,Ranunculus penicillatus subsp. pseudofluitans,7.927768476,7.535962,,Y,18,N,,NA,NHMSYS0000462262,TIFO,DEFAULT,FALSE,09 02 2016,,6.494271768,6.675818629,18,18
129,820,366917,Ranunculus sceleratus,9.855791265,8.43243075,,N,0,N,,NA,NBNSYS0000002721,TIFO,DEFAULT,FALSE,09 02 2016,,NA,NA,NA,NA
274,835,NA,Rhodochorton violaceum,4.142929397,4.35181325,,N,0,N,,NA,NHMSYS0000352686,TIFO,DEFAULT,FALSE,09 02 2016,,NA,NA,NA,NA
152,844,NA,Riccardia chamedryfolia,4.914959861,6,,N,0,N,,NA,NBNSYS0000036031,TIFO,DEFAULT,FALSE,09 02 2016,,NA,NA,NA,NA
153,845,345002,Riccardia multifida,5.254735856,6.7409937,,N,0,N,,NA,NBNSYS0100015034,TIFO,DEFAULT,FALSE,09 02 2016,,NA,NA,NA,NA
275,852,345000,Riccia,4.856766182,9,,Y,1,N,,NA,NHMSYS0000310443,TIFO,DEFAULT,FALSE,09 02 2016,Riccia sp.,6.53,NA,1,NA
276,857,NA,Rivularia,4.774168731,NA,Y,Y,20,N,,NA,NBNSYS0100015043,TIFO,DEFAULT,FALSE,09 02 2016,Rivularia sp.,NA,NA,NA,NA
154,858,367101,Rorippa amphibia,9.196614896,8.51319925,,N,0,N,,NA,NBNSYS0000002898,TIFO,DEFAULT,FALSE,09 02 2016,,NA,NA,NA,NA
277,862,367105,Rorippa nasturtium-aquaticum agg.,8.422211795,8.0805453,,N,0,N,,NA,NBNSYS0000002894,TIFO,DEFAULT,FALSE,09 02 2016,,NA,NA,NA,NA
155,863,367106,Rorippa palustris,7.316035175,7.4488633,,N,0,N,,NA,NHMSYS0100002693,TIFO,DEFAULT,FALSE,09 02 2016,,NA,NA,NA,NA
156,871,367303,Rumex hydrolapathum,8.648294589,8.1099595,,N,0,N,,NA,NHMSYS0000462978,TIFO,DEFAULT,FALSE,09 02 2016,,NA,NA,NA,NA
157,885,384202,Sagittaria sagittifolia,9.244294923,9.31799105,,Y,12,N,L.,3,NBNSYS0000002105,TIFO,DEFAULT,FALSE,09 02 2016,,7.87672662,6.009866202,12,12
278,910,345400,Scapania,2.144140899,3.83164,,Y,23,N,(Dumort.) Dumort.,NA,NBNSYS0000042335,TIFO,DEFAULT,FALSE,09 05 2016,Scapania sp,6.681845029,NA,3,NA
158,911,345408,Scapania subalpina,3.211856154,2.1846859,,Y,23,N,(Nees ex Lindenb.) Dum.,NA,NBNSYS0000035935,TIFO,DEFAULT,FALSE,09 02 2016,,NA,NA,NA,NA
159,912,345409,Scapania uliginosa,2.659720163,1.96588765,,Y,23,N,(Sw. ex Lindenb.) Dum.,NA,NBNSYS0000035936,TIFO,DEFAULT,FALSE,09 02 2016,,NA,NA,NA,NA
160,913,345410,Scapania undulata,2.048981557,3.99860175,,Y,23,N,(L.) Dum.,9,NBNSYS0000035934,TIFO,DEFAULT,FALSE,09 02 2016,,NA,NA,NA,NA
161,915,327101,Schistidium agassizii,2.229370992,3.4468444,,N,0,N,,NA,NHMSYS0000310590,TIFO,DEFAULT,FALSE,09 02 2016,,NA,NA,NA,NA
162,920,NA,Schistidium alpicola var. rivulare,5.164864166,3.48,,N,0,N,,NA,NBNSYS0000156390,TIFO,DEFAULT,FALSE,09 02 2016,,NA,NA,NA,NA
163,921,NA,Schoenoplectus lacustris,8.440091805,8.83458555,,Y,13,N,,NA,NBNSYS0000002386,TIFO,DEFAULT,FALSE,09 02 2016,,NA,NA,NA,NA
164,922,NA,Schoenoplectus tabernaemontani,7.431836461,8.0236457,,N,0,N,,NA,NHMSYS0000463294,TIFO,DEFAULT,FALSE,09 02 2016,,NA,NA,NA,NA
165,928,384506,Scirpus sylvaticus,6.446669355,6.85057365,,N,0,N,,NA,NBNSYS0000002382,TIFO,DEFAULT,FALSE,09 02 2016,,NA,NA,NA,NA
279,931,NA,Scorpidium revolvens,4.292662943,5.0144766,,N,0,N,,NA,NBNSYS0000156554,TIFO,DEFAULT,FALSE,09 02 2016,,NA,NA,NA,NA
166,941,368201,Sium latifolium,7.082439738,7.93335375,,N,0,N,L.,NA,NBNSYS0000003685,TIFO,DEFAULT,FALSE,09 02 2016,,NA,NA,NA,NA
20,951,384601,Sparganium angustifolium,2.263939011,4.8138814,,Y,13,N,,NA,NHMSYS0000463841,TIFO,DEFAULT,FALSE,09 02 2016,,3.65262422,2.517378037,13,13
21,953,384602,Sparganium emersum,8.324467741,8.58094835,,Y,13,N,,NA,NBNSYS0000002366,TIFO,DEFAULT,FALSE,09 02 2016,,6.58816324,6.057757558,13,13
22,954,384603,Sparganium erectum,8.335195747,8.26221415,,N,0,N,L.,3,NBNSYS0000002361,TIFO,DEFAULT,FALSE,09 02 2016,,NA,NA,NA,NA
23,956,NA,Sparganium natans,3.586595286,NA,Y,Y,13,N,,NA,NBNSYS0000002368,TIFO,DEFAULT,FALSE,09 02 2016,,4.84112446,2.794784724,13,13
,,NA,Sparganium emersum/erectum,8.33,NA,,N,0,N,NA,NA,NA,NA,NA,NA,NA,NA,NA,NA,NA,NA
281,978,327400,Sphagnum,1.068759674,2.9241396,,N,0,N,,NA,NHMSYS0000310652,TIFO,DEFAULT,FALSE,09 02 2016,Sphagnum (aquatic indet.),3.367532984,2.73633543,3,3
24,963,NA,Sphagnum denticulatum,4.838697984,NA,Y,N,0,N,,NA,NBNSYS0000157062,TIFO,DEFAULT,FALSE,09 02 2016,,NA,NA,NA,NA
25,984,NA,Spirodela polyrhiza,8.988412113,8.8978743,,Y,1,N,,NA,NHMSYS0000463934,TIFO,DEFAULT,FALSE,09 02 2016,,8.79143808,9.616357467,1,1
282,985,NA,Spirogyra,6.44746422,6.3684942,,Y,19,Y,,NA,NHMSYS0000606255,TIFO,DEFAULT,FALSE,09 02 2016,Spirogyra sp.,NA,NA,NA,NA
130,998,NA,Stigeoclonium tenue,6.624277454,5.69401695,,Y,19,Y,,NA,NBNSYS0100015914,TIFO,DEFAULT,FALSE,09 02 2016,,NA,NA,NA,NA
283,999,NA,Stigonema,4.318474655,6.615265,,Y,19,N,,NA,NBNSYS0100015916,TIFO,DEFAULT,FALSE,09 02 2016,Stigonema sp,NA,NA,NA,NA
131,1011,NA,Tetraspora gelatinosa,6.715266839,6.0663959,,Y,3,N,,NA,,TIFO,DEFAULT,FALSE,09 02 2016,,NA,NA,NA,NA
132,1016,327801,Thamnobryum alopecurum,4.215244104,4.88850185,,Y,21,N,,7,NBNSYS0000036749,TIFO,DEFAULT,FALSE,09 02 2016,,NA,NA,NA,NA
133,1024,NA,Tolypothrix penicillata,2.960543937,3.3530565,,Y,3,N,,NA,NBNSYS0100016226,TIFO,DEFAULT,FALSE,09 02 2016,,NA,NA,NA,NA
134,1039,384801,Triglochin palustris,4.06739709,5.1709505,,N,0,N,L.,NA,NBNSYS0000158562,TIFO,DEFAULT,FALSE,09 02 2016,,NA,NA,NA,NA
244,1045,384901,Typha angustifolia,7.573566227,9.05398655,,N,0,N,L.,2,NBNSYS0000002370,TIFO,DEFAULT,FALSE,09 02 2016,,NA,NA,NA,NA
245,1046,384902,Typha latifolia,8.873582715,8.41965245,,N,0,N,L.,2,NBNSYS0000002369,TIFO,DEFAULT,FALSE,09 02 2016,,NA,NA,NA,NA
284,1054,NA,Ulva flexuosa,9.524017746,8.4308636,,Y,19,Y,,NA,NHMSYS0021059345,TIFO,DEFAULT,FALSE,09 02 2016,Ulva (Enteromorpha) flexuosa,8.419854338,9.052953001,NA,NA
285,1062,369600,Utricularia,3.234988923,NA,Y,Y,9,N,L.,NA,NHMSYS0000464740,TIFO,DEFAULT,FALSE,09 02 2016,Utricularia sp.,3.58,3.337716818,9,9
246,1057,369601,Utricularia intermedia,2.742786946,NA,Y,Y,9,N,,NA,NHMSYS0100003189,TIFO,DEFAULT,FALSE,09 02 2016,,NA,NA,NA,NA
247,1060,369602,Utricularia minor,3.771266355,NA,Y,Y,9,N,,NA,NBNSYS0000004190,TIFO,DEFAULT,FALSE,09 02 2016,,2.971747,2.36204471,9,9
248,1064,369604,Utricularia vulgaris,3.715184543,NA,Y,Y,9,N,,NA,NBNSYS0000004187,TIFO,DEFAULT,FALSE,09 02 2016,Utricularia vulgaris sens.lat.,5.28,3.337716818,9,9
286,1069,91400,Vaucheria,8.41267579,7.59581375,,Y,19,Y,,NA,NHMSYS0000607435,TIFO,DEFAULT,FALSE,09 02 2016,Vaucheria sp(p),NA,NA,NA,NA
249,1070,369801,Veronica anagallis-aquatica,8.449627811,8.24581935,,N,0,N,L.,4,NBNSYS0000004097,TIFO,DEFAULT,FALSE,09 02 2016,,NA,NA,NA,NA
250,1071,369802,Veronica beccabunga,7.308883171,6.98655405,,N,0,N,L.,NA,NBNSYS0000004096,TIFO,DEFAULT,FALSE,09 02 2016,,NA,NA,NA,NA
251,1072,369803,Veronica catenata,9.318198964,8.47968635,,N,0,N,,NA,NBNSYS0000004099,TIFO,DEFAULT,FALSE,09 02 2016,,NA,NA,NA,NA
252,1073,NA,Veronica anagallis-aquatica/Veronica catenata,8.341553083,7.92395085,,N,0,N,,NA,NHMSYS0100003207,TIFO,DEFAULT,FALSE,09 02 2016,,NA,NA,NA,NA
253,1075,369804,Veronica scutellata,2.347379058,4.59942295,,N,0,N,,NA,NBNSYS0000004101,TIFO,DEFAULT,FALSE,09 02 2016,,NA,NA,NA,NA
254,1090,385201,Zannichellia palustris,9.011457459,8.42784985,,Y,15,N,L.,2,NBNSYS0000002150,TIFO,DEFAULT,FALSE,09 02 2016,,8.49242726,8.690689072,15,15
255,1092,NA,Zygnematalean alga,6.45,NA,Y,Y,19,Y,,NA,,TIFO,DEFAULT,FALSE,12 03 2015,,NA,NA,NA,NA
